{
  "parent": "ltminigames:block/chip_bag",
  "display": {
    "gui": {
      "rotation": [
        30,
        225,
        0
      ],
      "translation": [
        0,
        5,
        0
      ],
      "scale": [
        0.703125,
        0.703125,
        0.703125
      ]
    },
    "ground": {
      "translation": [
        0,
        5,
        0
      ],
      "scale": [
        0.5625,
        0.5625,
        0.5625
      ]
    },
    "firstperson_righthand": {
      "rotation": [
        0,
        45,
        0
      ],
      "translation": [
        0,
        5,
        0
      ],
      "scale": [
        0.45000002,
        0.45000002,
        0.45000002
      ]
    },
    "firstperson_lefthand": {
      "rotation": [
        0,
        255,
        0
      ],
      "translation": [
        0,
        5,
        0
      ],
      "scale": [
        0.45000002,
        0.45000002,
        0.45000002
      ]
    },
    "thirdperson_righthand": {
      "rotation": [
        75,
        45,
        0
      ],
      "translation": [
        0,
        2.5,
        5
      ],
      "scale": [
        0.421875,
        0.421875,
        0.421875
      ]
    }
  }
}